phase	workload	variant	sample	started_utc	pid	quiet_vmrss_kib	vmhwm_kib	to_ready_ns	to_ready_ms	checksum	exit_code	stderr_file
warmup	lexer	eager	1	2026-08-30T05:17:15.791+00:00	4187	5228	9508	1461518536	1461.519	938400	0	logs/lexer-warmup-01-eager.stderr
warmup	lexer	candidate	1	2026-08-30T05:17:17.266+00:00	4189	4500	8780	1480755774	1480.756	938400	0	logs/lexer-warmup-01-candidate.stderr
warmup	lexer	glibc	1	2026-08-30T05:17:18.748+00:00	4191	8944	8944	1774042704	1774.043	938400	0	logs/lexer-warmup-01-glibc.stderr
warmup	lexer	mimalloc	1	2026-08-30T05:17:20.526+00:00	4193	8752	8752	1463755222	1463.755	938400	0	logs/lexer-warmup-01-mimalloc.stderr
sample	lexer	candidate	1	2026-08-30T05:17:21.992+00:00	4195	4496	8772	1475224501	1475.225	938400	0	logs/lexer-sample-01-candidate.stderr
sample	lexer	glibc	1	2026-08-30T05:17:22.912+00:00	4197	8940	8940	1783775106	1783.775	938400	0	logs/lexer-sample-01-glibc.stderr
sample	lexer	mimalloc	1	2026-08-30T05:17:24.697+00:00	4199	8752	8752	1518661999	1518.662	938400	0	logs/lexer-sample-01-mimalloc.stderr
sample	lexer	eager	1	2026-08-30T05:17:26.218+00:00	4201	5228	9572	1489846545	1489.847	938400	0	logs/lexer-sample-01-eager.stderr
sample	lexer	glibc	2	2026-08-30T05:17:27.709+00:00	4203	8948	8948	1765024039	1765.024	938400	0	logs/lexer-sample-02-glibc.stderr
sample	lexer	mimalloc	2	2026-08-30T05:17:29.476+00:00	4205	8752	8752	1467651227	1467.651	938400	0	logs/lexer-sample-02-mimalloc.stderr
sample	lexer	eager	2	2026-08-30T05:17:30.945+00:00	4207	5204	9480	1453449009	1453.449	938400	0	logs/lexer-sample-02-eager.stderr
sample	lexer	candidate	2	2026-08-30T05:17:32.401+00:00	4209	4492	8772	1435547487	1435.547	938400	0	logs/lexer-sample-02-candidate.stderr
sample	lexer	mimalloc	3	2026-08-30T05:17:33.838+00:00	4211	8752	8752	1454980367	1454.980	938400	0	logs/lexer-sample-03-mimalloc.stderr
sample	lexer	eager	3	2026-08-30T05:17:35.297+00:00	4213	5228	9572	1495506532	1495.507	938400	0	logs/lexer-sample-03-eager.stderr
sample	lexer	candidate	3	2026-08-30T05:17:36.794+00:00	4215	4488	8768	1477996646	1477.997	938400	0	logs/lexer-sample-03-candidate.stderr
sample	lexer	glibc	3	2026-08-30T05:17:38.274+00:00	4217	8940	8940	1758452643	1758.453	938400	0	logs/lexer-sample-03-glibc.stderr
sample	lexer	eager	4	2026-08-30T05:17:40.034+00:00	4219	5240	9580	1454356476	1454.356	938400	0	logs/lexer-sample-04-eager.stderr
sample	lexer	candidate	4	2026-08-30T05:17:41.490+00:00	4221	4496	8776	1490123239	1490.123	938400	0	logs/lexer-sample-04-candidate.stderr
sample	lexer	glibc	4	2026-08-30T05:17:42.982+00:00	4223	8948	8948	1762786253	1762.786	938400	0	logs/lexer-sample-04-glibc.stderr
sample	lexer	mimalloc	4	2026-08-30T05:17:44.746+00:00	4225	8752	8752	1458655997	1458.656	938400	0	logs/lexer-sample-04-mimalloc.stderr
sample	lexer	candidate	5	2026-08-30T05:17:46.207+00:00	4227	4492	8772	1468878120	1468.878	938400	0	logs/lexer-sample-05-candidate.stderr
sample	lexer	glibc	5	2026-08-30T05:17:47.677+00:00	4229	8944	8944	1779815301	1779.815	938400	0	logs/lexer-sample-05-glibc.stderr
sample	lexer	mimalloc	5	2026-08-30T05:17:49.459+00:00	4231	8752	8752	1456079446	1456.079	938400	0	logs/lexer-sample-05-mimalloc.stderr
sample	lexer	eager	5	2026-08-30T05:17:50.917+00:00	4233	5236	9580	1457106732	1457.107	938400	0	logs/lexer-sample-05-eager.stderr
warmup	rbtree	eager	1	2026-08-30T05:17:52.375+00:00	4235	2828	20100	2012935094	2012.935	2422197960096	0	logs/rbtree-warmup-01-eager.stderr
warmup	rbtree	candidate	1	2026-08-30T05:17:54.390+00:00	4237	2572	19812	2005699584	2005.700	2422197960096	0	logs/rbtree-warmup-01-candidate.stderr
warmup	rbtree	glibc	1	2026-08-30T05:17:55.848+00:00	4239	24296	24296	2984403197	2984.403	2422197960096	0	logs/rbtree-warmup-01-glibc.stderr
warmup	rbtree	mimalloc	1	2026-08-30T05:17:58.837+00:00	4241	20172	20172	2109702905	2109.703	2422197960096	0	logs/rbtree-warmup-01-mimalloc.stderr
sample	rbtree	candidate	1	2026-08-30T05:18:00.950+00:00	4243	2572	19812	2215126879	2215.127	2422197960096	0	logs/rbtree-sample-01-candidate.stderr
sample	rbtree	glibc	1	2026-08-30T05:18:03.167+00:00	4245	24300	24300	2806914658	2806.915	2422197960096	0	logs/rbtree-sample-01-glibc.stderr
sample	rbtree	mimalloc	1	2026-08-30T05:18:05.978+00:00	4247	20172	20172	2224046320	2224.046	2422197960096	0	logs/rbtree-sample-01-mimalloc.stderr
sample	rbtree	eager	1	2026-08-30T05:18:08.206+00:00	4249	2832	20228	1990849910	1990.850	2422197960096	0	logs/rbtree-sample-01-eager.stderr
sample	rbtree	glibc	2	2026-08-30T05:18:10.198+00:00	4251	24292	24292	2644704803	2644.705	2422197960096	0	logs/rbtree-sample-02-glibc.stderr
sample	rbtree	mimalloc	2	2026-08-30T05:18:12.847+00:00	4253	20180	20180	2248031984	2248.032	2422197960096	0	logs/rbtree-sample-02-mimalloc.stderr
sample	rbtree	eager	2	2026-08-30T05:18:15.099+00:00	4255	2828	20112	2048231477	2048.231	2422197960096	0	logs/rbtree-sample-02-eager.stderr
sample	rbtree	candidate	2	2026-08-30T05:18:17.148+00:00	4257	2572	19852	1992167269	1992.167	2422197960096	0	logs/rbtree-sample-02-candidate.stderr
sample	rbtree	mimalloc	3	2026-08-30T05:18:19.142+00:00	4259	20176	20176	2091542974	2091.543	2422197960096	0	logs/rbtree-sample-03-mimalloc.stderr
sample	rbtree	eager	3	2026-08-30T05:18:21.238+00:00	4263	2832	20128	2004657479	2004.657	2422197960096	0	logs/rbtree-sample-03-eager.stderr
sample	rbtree	candidate	3	2026-08-30T05:18:23.244+00:00	4265	2572	19820	2007917504	2007.918	2422197960096	0	logs/rbtree-sample-03-candidate.stderr
sample	rbtree	glibc	3	2026-08-30T05:18:25.253+00:00	4267	24300	24300	2607532124	2607.532	2422197960096	0	logs/rbtree-sample-03-glibc.stderr
sample	rbtree	eager	4	2026-08-30T05:18:27.302+00:00	4269	2808	19984	2008091477	2008.091	2422197960096	0	logs/rbtree-sample-04-eager.stderr
sample	rbtree	candidate	4	2026-08-30T05:18:29.312+00:00	4271	2572	19940	2015855563	2015.856	2422197960096	0	logs/rbtree-sample-04-candidate.stderr
sample	rbtree	glibc	4	2026-08-30T05:18:31.329+00:00	4273	24296	24296	2586541136	2586.541	2422197960096	0	logs/rbtree-sample-04-glibc.stderr
sample	rbtree	mimalloc	4	2026-08-30T05:18:33.920+00:00	4275	20180	20180	2098576998	2098.577	2422197960096	0	logs/rbtree-sample-04-mimalloc.stderr
sample	rbtree	candidate	5	2026-08-30T05:18:36.022+00:00	4277	2572	19812	2015582492	2015.582	2422197960096	0	logs/rbtree-sample-05-candidate.stderr
sample	rbtree	glibc	5	2026-08-30T05:18:38.039+00:00	4279	24296	24296	2586585988	2586.586	2422197960096	0	logs/rbtree-sample-05-glibc.stderr
sample	rbtree	mimalloc	5	2026-08-30T05:18:40.630+00:00	4281	20176	20176	2172242580	2172.243	2422197960096	0	logs/rbtree-sample-05-mimalloc.stderr
sample	rbtree	eager	5	2026-08-30T05:18:42.806+00:00	4283	2828	20004	2037833810	2037.834	2422197960096	0	logs/rbtree-sample-05-eager.stderr
warmup	compiler	eager	1	2026-08-30T05:18:44.846+00:00	4285	22492	317456	8619039198	8619.039	15669368	0	logs/compiler-warmup-01-eager.stderr
warmup	compiler	candidate	1	2026-08-30T05:18:53.469+00:00	4287	18916	313832	8874382804	8874.383	15669368	0	logs/compiler-warmup-01-candidate.stderr
warmup	compiler	glibc	1	2026-08-30T05:19:01.795+00:00	4289	267168	328664	12270386580	12270.387	15669368	0	logs/compiler-warmup-01-glibc.stderr
warmup	compiler	mimalloc	1	2026-08-30T05:19:14.098+00:00	4291	193192	315444	11027801472	11027.801	15669368	0	logs/compiler-warmup-01-mimalloc.stderr
sample	compiler	candidate	1	2026-08-30T05:19:25.142+00:00	4293	18928	313888	9216633031	9216.633	15669368	0	logs/compiler-sample-01-candidate.stderr
sample	compiler	glibc	1	2026-08-30T05:19:33.802+00:00	4295	267124	328536	13208797060	13208.797	15669368	0	logs/compiler-sample-01-glibc.stderr
sample	compiler	mimalloc	1	2026-08-30T05:19:47.027+00:00	4297	193324	315508	11028926080	11028.926	15669368	0	logs/compiler-sample-01-mimalloc.stderr
sample	compiler	eager	1	2026-08-30T05:19:58.072+00:00	4299	22528	317544	10071668114	10071.668	15669368	0	logs/compiler-sample-01-eager.stderr
sample	compiler	glibc	2	2026-08-30T05:20:07.596+00:00	4301	267128	328424	19429211754	19429.212	15669368	0	logs/compiler-sample-02-glibc.stderr
sample	compiler	mimalloc	2	2026-08-30T05:20:27.059+00:00	4303	177144	314996	16167174232	16167.174	15669368	0	logs/compiler-sample-02-mimalloc.stderr
sample	compiler	eager	2	2026-08-30T05:20:42.701+00:00	4305	22560	317456	13491088040	13491.088	15669368	0	logs/compiler-sample-02-eager.stderr
sample	compiler	candidate	2	2026-08-30T05:20:56.196+00:00	4307	18968	313836	11611396601	11611.397	15669368	0	logs/compiler-sample-02-candidate.stderr
sample	compiler	mimalloc	3	2026-08-30T05:21:07.255+00:00	4309	193280	315464	10591033262	10591.033	15669368	0	logs/compiler-sample-03-mimalloc.stderr
sample	compiler	eager	3	2026-08-30T05:21:17.864+00:00	4311	22572	317580	10888064225	10888.064	15669368	0	logs/compiler-sample-03-eager.stderr
sample	compiler	candidate	3	2026-08-30T05:21:28.756+00:00	4313	18876	313460	14258118937	14258.119	15669368	0	logs/compiler-sample-03-candidate.stderr
sample	compiler	glibc	3	2026-08-30T05:21:42.470+00:00	4317	267044	328572	22061891166	22061.891	15669368	0	logs/compiler-sample-03-glibc.stderr
sample	compiler	eager	4	2026-08-30T05:22:04.597+00:00	4319	22568	317448	20925127350	20925.127	15669368	0	logs/compiler-sample-04-eager.stderr
sample	compiler	candidate	4	2026-08-30T05:22:24.970+00:00	4322	18924	313828	16211208781	16211.209	15669368	0	logs/compiler-sample-04-candidate.stderr
sample	compiler	glibc	4	2026-08-30T05:22:41.185+00:00	4324	267148	328656	23699854947	23699.855	15669368	0	logs/compiler-sample-04-glibc.stderr
sample	compiler	mimalloc	4	2026-08-30T05:23:04.354+00:00	4326	193128	315388	12083029423	12083.029	15669368	0	logs/compiler-sample-04-mimalloc.stderr
sample	compiler	candidate	5	2026-08-30T05:23:15.740+00:00	4328	18980	313916	9115483264	9115.483	15669368	0	logs/compiler-sample-05-candidate.stderr
sample	compiler	glibc	5	2026-08-30T05:23:24.859+00:00	4332	267152	328648	11813976379	11813.976	15669368	0	logs/compiler-sample-05-glibc.stderr
sample	compiler	mimalloc	5	2026-08-30T05:23:36.689+00:00	4334	193236	315320	9951657365	9951.657	15669368	0	logs/compiler-sample-05-mimalloc.stderr
sample	compiler	eager	5	2026-08-30T05:23:46.093+00:00	4336	22508	317472	9737772420	9737.772	15669368	0	logs/compiler-sample-05-eager.stderr
